t_s,loadavg1,system_cpu_pct,server_cpu_pct,server_rss_mb,server_hwm_mb,server_fds,server_threads,k6_cpu_pct,k6_rss_mb,k6_hwm_mb,k6_fds,k6_threads,dynamodb-local_cpu_pct,dynamodb-local_rss_mb,dynamodb-local_hwm_mb,dynamodb-local_fds,dynamodb-local_threads
1.0,5.93,96.5,0.0,175.0,175.0,25,11,119.9,236.3,236.3,8,10,0.0,650.3,652.2,170,81
2.0,6.10,89.1,65.9,187.4,189.0,95,11,40.0,271.8,271.8,47,10,20.0,650.3,652.2,189,81
3.0,6.10,69.4,102.6,189.2,189.2,162,11,12.9,272.2,272.2,105,10,40.8,650.3,652.2,189,81
4.0,6.10,88.6,59.8,189.5,189.5,204,11,8.0,272.3,272.3,146,10,25.9,650.3,652.2,189,81
5.0,6.10,92.9,78.9,190.7,190.7,257,11,10.0,272.4,272.4,201,10,35.0,650.3,652.2,189,81
6.0,6.10,87.3,52.9,190.9,190.9,296,11,8.0,272.5,272.5,238,10,27.9,650.3,652.2,189,81
7.0,6.17,85.6,40.0,191.6,191.6,324,11,7.0,272.6,272.6,266,10,23.0,650.3,652.2,189,81
8.0,6.17,92.2,59.9,192.3,192.3,367,11,8.0,272.6,272.6,309,10,32.0,650.3,652.2,189,81
9.0,6.17,84.7,55.9,192.5,192.5,403,11,9.0,272.7,272.7,345,10,31.9,650.3,652.2,189,81
10.0,6.17,91.5,45.0,192.6,192.6,440,11,7.0,272.8,272.8,382,10,30.0,650.3,652.2,189,81
11.0,6.17,86.8,54.9,192.7,192.7,474,11,7.0,272.9,272.9,416,10,31.0,650.3,652.2,189,81
12.0,6.24,84.4,35.0,192.8,192.8,500,11,7.0,275.2,275.2,442,10,27.0,650.3,652.2,189,81
13.0,6.24,87.0,48.9,192.8,192.8,540,11,10.0,280.2,280.2,482,10,37.9,650.3,652.2,189,81
14.0,6.24,89.2,51.7,192.9,192.9,587,11,8.8,285.8,285.8,529,10,42.9,650.3,652.2,189,81
15.0,6.24,92.3,59.0,192.9,192.9,630,11,9.0,291.8,291.8,572,10,49.0,650.3,652.2,189,81
16.0,6.24,87.1,64.8,193.1,193.1,673,11,9.0,297.7,297.7,615,10,51.8,650.3,652.2,189,81
17.1,6.38,88.3,67.9,193.2,193.2,720,11,12.0,304.1,304.1,663,10,57.9,650.3,652.2,189,81
18.1,6.38,93.6,42.9,193.3,193.3,752,11,8.0,308.3,308.3,694,10,42.9,650.3,652.2,189,81
19.1,6.38,95.4,54.9,193.4,193.4,801,11,9.0,313.5,313.5,741,10,44.9,650.3,652.2,191,81
20.1,6.38,90.6,57.5,193.5,193.5,840,11,7.9,318.4,318.4,772,10,54.5,650.5,652.2,199,83
21.1,6.38,91.8,46.0,193.5,193.5,873,11,8.0,322.8,322.8,806,10,58.0,650.5,652.2,199,83
22.1,6.59,87.1,32.8,193.9,193.9,925,11,46.7,328.9,328.9,810,10,18.9,650.5,652.2,199,83
23.1,6.59,76.8,42.0,195.0,195.0,960,11,15.0,329.1,329.1,810,10,3.0,650.5,652.2,199,83
24.1,6.59,64.6,1.0,195.0,195.0,960,11,0.0,329.1,329.1,810,10,1.0,650.5,652.2,199,83
25.1,6.59,81.6,28.0,195.1,195.2,960,11,6.0,329.1,329.1,810,10,13.0,650.5,652.2,199,83
26.1,6.59,83.0,56.1,195.3,195.3,960,11,7.9,329.1,329.1,810,10,24.6,650.5,652.2,199,83
27.1,6.86,83.5,54.9,195.5,195.5,960,11,9.0,329.2,329.2,810,10,24.0,650.5,652.2,199,83
28.1,6.86,79.9,30.0,195.8,195.8,960,11,6.0,329.2,329.2,810,10,14.0,650.5,652.2,199,83
29.1,6.86,65.6,25.0,195.8,195.8,960,11,4.0,329.2,329.2,810,10,11.0,650.5,652.2,199,83
30.1,6.86,79.5,12.0,196.0,196.0,959,11,3.0,329.2,329.2,810,10,7.0,650.5,652.2,198,83
31.1,6.86,72.0,8.0,196.0,196.0,959,11,2.0,329.3,329.3,810,10,5.0,650.5,652.2,198,83
32.1,8.07,67.1,7.0,196.2,196.2,959,11,1.0,329.5,329.5,810,10,5.0,650.5,652.2,198,83
33.1,8.07,71.1,4.0,196.2,196.2,959,11,1.0,329.6,329.6,810,10,4.0,650.5,652.2,198,83
34.1,8.07,73.6,3.0,196.4,196.4,959,11,1.0,329.7,329.7,810,10,3.0,650.5,652.2,198,83
35.1,8.07,63.2,6.0,196.3,196.3,959,11,1.0,329.8,329.8,810,10,3.0,650.5,652.2,198,83
36.1,8.07,60.7,2.0,196.3,196.3,959,11,1.0,329.9,329.9,810,10,3.0,650.5,652.2,198,83
37.1,9.03,91.3,42.9,198.0,198.0,959,11,10.0,330.4,330.4,810,10,5.0,650.5,652.2,198,83
38.1,9.03,78.6,40.0,199.0,199.0,959,11,9.0,331.8,331.8,810,10,3.0,650.5,652.2,198,83
39.1,9.03,94.5,43.3,199.9,199.9,958,11,10.8,334.7,334.7,809,10,2.9,650.5,652.2,198,83
40.1,9.03,85.6,9.0,199.9,199.9,956,11,2.0,335.5,335.5,807,10,5.0,650.5,652.2,198,83
41.1,9.03,69.8,17.0,200.1,200.1,956,11,3.0,335.8,335.8,807,10,11.0,650.5,652.2,198,83
42.1,8.87,79.9,48.9,200.3,200.3,958,11,8.0,336.5,336.5,809,10,25.9,650.5,652.2,198,83
43.1,8.87,93.1,65.9,200.7,200.7,962,11,9.0,337.3,337.3,810,10,27.0,650.5,652.2,201,83
44.1,8.87,78.4,50.9,201.0,201.0,962,11,8.0,338.2,338.2,810,10,25.9,650.5,652.2,201,83
45.1,8.87,76.0,26.0,201.0,201.0,962,11,5.0,338.6,338.6,810,10,12.0,650.5,652.2,201,83
46.1,8.87,75.4,15.0,201.1,201.1,962,11,3.0,338.9,338.9,810,10,11.0,650.5,652.2,201,83
47.1,8.56,69.9,8.0,201.1,201.3,962,11,2.0,339.1,339.1,810,10,5.0,650.5,652.2,201,83
48.1,8.56,75.1,8.0,201.1,201.3,962,11,1.0,339.2,339.2,810,10,5.0,650.5,652.2,201,83
49.1,8.56,76.3,5.0,201.3,201.3,962,11,2.0,339.4,339.4,810,10,4.0,650.5,652.2,201,83
50.1,8.56,73.4,2.0,201.3,201.4,959,11,1.0,339.4,339.4,810,10,4.0,650.5,652.2,198,83
51.1,8.56,71.9,5.0,201.2,201.4,954,11,2.0,339.6,339.6,810,10,4.0,650.5,652.2,193,83
52.1,8.03,70.4,3.0,201.3,201.4,953,11,0.0,339.7,339.7,810,10,3.0,650.5,652.2,192,83
53.1,8.03,60.8,3.0,201.3,201.4,953,11,1.0,339.8,339.8,810,10,3.0,650.5,652.2,192,83
54.1,8.03,81.4,42.0,202.9,202.9,953,11,10.0,345.3,345.3,810,10,9.0,650.5,652.2,192,83
55.1,8.03,71.0,36.9,203.8,203.8,953,11,10.0,355.7,355.7,810,10,2.0,650.5,652.2,192,83
56.1,8.03,63.9,41.9,204.7,204.7,953,11,11.0,363.4,363.4,810,10,3.0,650.5,652.2,192,83
57.2,7.63,70.6,4.0,205.0,205.0,950,11,1.0,363.6,363.6,807,10,5.0,650.5,652.2,192,83
58.2,7.63,71.9,12.0,204.9,204.9,946,11,2.0,364.0,364.0,803,10,8.0,650.5,652.2,192,83
59.2,7.63,73.7,40.8,205.0,205.0,949,11,9.0,365.2,365.2,806,10,24.9,650.5,652.2,192,83
60.2,7.63,88.4,60.0,205.3,205.3,951,11,9.0,366.9,366.9,808,10,35.0,650.5,652.2,192,83
61.2,7.63,91.1,50.9,205.4,205.4,953,11,9.0,368.2,368.2,810,10,28.0,650.5,652.2,192,83
62.2,7.66,81.8,29.0,205.5,205.5,953,11,6.0,369.0,369.0,810,10,16.0,650.5,652.2,192,83
63.2,7.66,77.1,16.0,205.7,205.7,953,11,3.0,369.4,369.4,810,10,9.0,650.5,652.2,192,83
64.2,7.66,79.0,14.0,205.6,205.7,953,11,3.0,369.8,369.8,810,10,9.0,650.5,652.2,192,83
65.2,7.66,69.2,4.0,205.8,205.8,953,11,2.0,369.9,369.9,810,10,4.0,650.5,652.2,192,83
66.2,7.66,65.2,5.0,205.8,205.8,953,11,1.0,370.1,370.1,810,10,4.0,650.5,652.2,192,83
67.2,7.69,54.3,3.0,205.8,205.8,948,11,1.0,370.2,370.2,809,10,4.0,650.5,652.2,192,83
68.2,7.69,74.7,3.0,205.6,205.7,928,11,1.0,370.4,370.4,789,10,3.0,650.5,652.2,192,83
69.2,7.69,75.8,2.0,205.8,205.8,899,11,2.0,370.5,370.5,760,10,2.0,650.5,652.2,192,83
70.2,7.69,82.4,5.0,205.8,205.8,877,11,3.0,370.7,370.7,738,10,3.0,650.5,652.2,192,83
71.2,7.69,89.5,29.0,207.3,207.3,850,11,7.0,376.5,376.5,711,10,5.0,650.5,652.2,192,83
72.2,7.31,84.5,26.7,208.3,208.3,832,11,7.9,385.6,385.6,693,10,5.9,650.5,652.2,192,83
73.2,7.31,83.3,30.0,209.0,209.0,815,11,10.0,395.3,395.3,680,10,2.0,650.5,652.2,188,83
74.2,7.31,66.3,14.0,209.2,209.2,793,11,40.9,401.5,401.5,658,10,2.0,650.5,652.2,188,83
75.2,7.31,82.1,2.0,209.4,209.4,774,11,2.0,401.6,401.6,639,10,1.0,650.5,652.2,188,83
76.2,7.31,80.6,29.8,209.3,209.3,752,11,6.0,401.8,401.8,617,10,16.9,650.5,652.2,188,83
77.2,7.20,87.7,50.0,209.3,209.3,734,11,11.0,401.8,401.8,599,10,25.0,650.5,652.2,188,83
78.2,7.20,80.0,46.0,209.4,209.4,726,11,8.0,401.9,401.9,591,10,28.0,650.5,652.2,188,83
79.2,7.20,70.4,37.0,209.7,209.7,708,11,8.0,401.9,401.9,573,10,19.0,650.5,652.2,188,83
80.2,7.20,64.1,24.0,209.6,209.6,683,11,6.0,401.9,401.9,548,10,14.0,650.4,652.2,188,82
81.2,7.20,57.0,11.0,209.8,209.8,662,11,4.0,401.9,401.9,527,10,8.0,650.4,652.2,188,82
82.2,7.75,83.8,13.0,209.6,209.7,636,11,3.0,401.9,401.9,500,10,9.0,650.4,652.2,188,82
83.2,7.75,48.6,9.0,209.6,209.8,616,11,2.0,401.9,401.9,481,10,5.0,650.4,652.2,188,82
84.2,7.75,61.6,6.0,209.8,209.8,601,11,2.0,401.9,401.9,466,10,4.0,650.4,652.2,188,82
85.2,7.75,50.1,4.0,209.8,210.0,579,11,3.0,401.9,401.9,444,10,4.0,650.4,652.2,188,82
86.2,7.75,69.0,12.9,210.0,210.2,562,11,4.0,401.9,401.9,427,10,6.0,650.4,652.2,188,82
87.2,7.61,56.4,28.9,211.7,211.7,545,11,8.0,401.9,401.9,410,10,4.0,650.4,652.2,188,82
88.2,7.61,91.9,29.0,212.3,212.3,544,11,9.0,402.0,402.0,409,10,2.0,650.4,652.2,188,82
89.2,7.61,82.6,33.9,213.1,213.1,542,11,12.0,402.0,402.0,407,10,4.0,650.4,652.2,188,82
90.2,7.61,74.9,3.0,213.1,213.1,543,11,1.0,402.0,402.0,408,10,3.0,650.4,652.2,188,82
91.2,7.61,78.5,20.0,213.1,213.1,541,11,4.0,402.0,402.0,408,10,12.0,650.4,652.2,186,82
92.2,8.68,84.6,44.0,213.3,213.3,540,11,10.0,402.1,402.1,407,10,23.0,650.4,652.2,186,82
93.2,8.68,84.8,55.9,213.4,213.4,541,11,9.0,402.1,402.1,408,10,30.9,650.4,652.2,186,82
94.2,8.68,77.3,42.0,213.5,213.5,542,11,9.0,402.1,402.1,409,10,23.0,650.4,652.2,186,82
95.2,8.68,74.7,25.0,213.6,213.6,542,11,5.0,402.1,402.1,409,10,14.0,650.4,652.2,186,82
96.2,8.68,63.9,14.0,213.6,213.6,542,11,3.0,402.1,402.1,409,10,11.0,650.4,652.2,186,82
97.2,8.07,59.6,8.0,213.6,213.6,542,11,3.0,402.1,402.1,409,10,6.0,650.4,652.2,186,82
98.2,8.07,67.1,5.0,213.6,213.6,542,11,2.0,402.1,402.1,409,10,4.0,650.4,652.2,186,82
99.2,8.07,46.5,3.0,213.8,213.8,542,11,2.0,402.1,402.1,409,10,4.0,650.4,652.2,186,82
100.2,8.07,78.0,4.0,213.8,213.8,542,11,0.0,402.1,402.1,409,10,4.0,650.4,652.2,186,82
101.2,8.07,64.5,3.0,213.6,213.8,542,11,1.0,402.1,402.1,409,10,2.0,650.4,652.2,186,82
102.2,7.74,60.7,2.0,213.8,213.8,542,11,1.0,402.1,402.1,409,10,5.0,650.4,652.2,186,82
103.2,7.74,72.6,3.0,213.8,213.8,542,11,1.0,402.1,402.1,409,10,3.0,650.4,652.2,186,82
104.2,7.74,52.3,3.0,213.6,213.8,542,11,1.0,402.2,402.2,409,10,3.0,650.4,652.2,186,82
105.2,7.74,75.3,53.9,172.3,215.1,542,11,9.0,402.6,402.6,409,10,7.0,650.4,652.2,186,82
106.2,7.74,78.0,57.9,184.9,215.1,542,11,7.0,404.0,404.0,409,10,2.0,650.4,652.2,186,82
107.2,7.76,89.7,62.9,198.6,215.1,542,11,10.0,405.7,405.7,409,10,3.0,650.4,652.2,186,82
108.2,7.76,69.2,22.0,198.8,215.1,537,11,3.0,405.8,405.8,409,10,2.0,650.4,652.2,181,82
109.2,7.76,89.1,15.8,198.6,215.1,533,11,2.0,405.8,405.8,405,10,6.9,650.4,652.2,181,82
110.2,7.76,88.8,58.9,198.7,215.1,542,11,8.0,405.9,405.9,403,10,25.9,650.4,652.2,192,82
111.2,7.76,79.6,72.9,198.8,215.1,551,11,10.0,406.0,406.0,407,10,35.0,650.4,652.2,197,82
112.3,7.62,74.5,55.7,198.8,215.1,552,11,10.0,406.0,406.0,408,10,31.8,650.4,652.2,197,82
113.3,7.62,81.3,26.9,198.8,215.1,553,11,5.0,406.0,406.0,409,10,14.0,650.4,652.2,197,82
114.3,7.62,75.4,19.0,198.8,215.1,553,11,4.0,406.0,406.0,409,10,12.0,650.4,652.2,197,82
115.3,7.62,72.8,7.0,198.8,215.1,553,11,2.0,406.0,406.0,409,10,5.0,650.4,652.2,197,82
116.3,7.62,76.6,7.0,198.9,215.1,553,11,2.0,406.0,406.0,409,10,5.0,650.4,652.2,197,82
117.3,7.57,58.7,6.9,198.9,215.1,553,11,1.0,406.0,406.0,409,10,4.9,650.4,652.2,197,82
118.3,7.57,73.2,1.0,199.0,215.1,553,11,1.0,406.1,406.1,409,10,2.0,650.4,652.2,197,82
119.3,7.57,71.4,3.0,199.0,215.1,553,11,2.0,406.1,406.1,409,10,3.0,650.4,652.2,197,82
120.3,7.57,66.0,3.0,198.9,215.1,553,11,0.0,406.1,406.1,409,10,5.0,650.4,652.2,197,82
121.3,7.57,75.3,2.0,199.0,215.1,553,11,1.0,406.1,406.1,409,10,2.0,650.4,652.2,197,82
122.3,8.17,72.6,4.0,198.9,215.1,553,11,0.0,406.1,406.1,409,10,4.0,650.4,652.2,197,82
123.3,8.17,64.5,1.0,199.0,215.1,553,11,1.0,406.1,406.1,409,10,2.0,650.4,652.2,197,82
124.3,8.17,59.8,2.0,198.9,215.1,553,11,2.0,406.2,406.2,409,10,3.0,650.4,652.2,197,82
125.3,8.17,68.4,2.0,199.0,215.1,553,11,0.0,406.2,406.2,409,10,2.0,650.4,652.2,197,82
126.3,8.17,66.9,3.0,199.0,215.1,553,11,1.0,406.2,406.2,409,10,3.0,650.4,652.2,197,82
127.3,8.39,67.5,31.0,199.9,215.1,553,11,9.0,407.5,407.5,409,10,6.0,650.4,652.2,197,82
128.3,8.39,72.0,42.0,200.6,215.1,553,11,13.0,410.3,410.3,409,10,4.0,650.4,652.2,197,82
129.3,8.39,49.7,4.0,200.6,215.1,553,11,1.0,410.3,410.3,409,10,2.0,650.4,652.2,197,82
130.3,8.39,59.5,3.0,200.8,215.1,553,11,2.0,410.4,410.4,409,10,4.0,650.4,652.2,197,82
131.3,8.39,82.9,39.0,200.7,215.1,552,11,5.0,410.5,410.5,408,10,18.0,650.4,652.2,197,82
132.3,8.84,82.9,59.9,200.8,215.1,552,11,9.0,410.5,410.5,408,10,28.0,650.4,652.2,197,82
133.3,8.84,74.9,41.0,200.9,215.1,553,11,8.0,410.5,410.5,409,10,22.0,650.4,652.2,197,82
134.3,8.84,76.0,27.0,200.9,215.1,553,11,5.0,410.5,410.5,409,10,14.0,650.4,652.2,197,82
135.3,8.84,46.9,21.0,201.1,215.1,553,11,5.0,410.5,410.5,409,10,12.0,650.4,652.2,197,82
136.3,8.84,53.5,11.0,201.1,215.1,553,11,3.0,410.6,410.6,409,10,8.0,650.4,652.2,197,82
137.3,8.21,36.5,10.0,201.1,215.1,553,11,3.0,410.6,410.6,409,10,7.0,650.4,652.2,197,82
138.3,8.21,45.0,4.0,201.0,215.1,553,11,2.0,410.6,410.6,409,10,3.0,650.4,652.2,197,82
139.3,8.21,56.3,4.0,201.2,215.1,553,11,1.0,410.6,410.6,409,10,5.0,650.4,652.2,197,82
140.3,8.21,54.4,4.0,201.2,215.1,553,11,1.0,410.6,410.6,409,10,4.0,650.3,652.2,197,81
141.3,8.21,41.8,4.0,201.2,215.1,540,11,1.0,410.6,410.6,409,10,4.0,650.3,652.2,184,81
142.3,7.88,57.7,2.0,201.3,215.1,540,11,1.0,410.7,410.7,409,10,4.0,650.3,652.2,184,81
143.3,7.88,77.9,4.0,201.2,215.1,540,11,1.0,410.7,410.7,409,10,3.0,650.3,652.2,184,81
144.3,7.88,94.0,10.0,201.9,215.1,540,11,2.0,410.9,410.9,409,10,6.0,650.3,652.2,184,81
145.3,7.88,99.0,39.0,202.5,215.1,540,11,55.9,417.4,417.4,409,10,5.0,650.3,652.2,184,81
146.3,7.88,96.2,45.0,203.6,215.1,540,11,9.0,417.8,417.8,409,10,1.0,650.3,652.2,184,81
147.3,8.21,97.2,44.9,203.6,215.1,540,11,14.0,417.8,417.8,408,10,2.0,650.3,652.2,184,81
148.3,8.21,95.0,8.0,203.6,215.1,536,11,1.0,417.8,417.8,405,10,5.0,650.3,652.2,184,81
149.3,8.21,94.7,16.9,203.6,215.1,534,11,3.0,417.8,417.8,403,10,9.9,650.3,652.2,184,81
150.3,8.21,96.2,58.9,203.6,215.1,537,11,11.0,417.8,417.8,406,10,33.0,650.4,652.2,184,81
151.3,8.21,96.7,50.9,203.6,215.1,538,11,9.0,417.8,417.8,407,10,28.9,650.4,652.2,184,81
152.3,8.99,97.4,44.0,203.6,215.1,539,11,10.0,417.8,417.8,408,10,21.0,650.4,652.2,184,81
153.3,8.99,83.8,23.0,203.6,215.1,540,11,5.0,417.8,417.8,409,10,14.0,650.4,652.2,184,81
154.3,8.99,84.1,18.0,203.6,215.1,540,11,4.0,417.9,417.9,409,10,10.0,650.4,652.2,184,81
155.3,8.99,86.4,9.0,203.6,215.1,540,11,2.0,417.9,417.9,409,10,5.0,650.4,652.2,184,81
156.3,8.99,67.6,5.0,203.6,215.1,540,11,2.0,417.9,417.9,409,10,4.0,650.4,652.2,184,81
157.3,8.35,56.2,6.0,203.6,215.1,540,11,2.0,417.9,417.9,409,10,5.0,650.4,652.2,184,81
158.3,8.35,61.9,3.0,203.8,215.1,540,11,1.0,417.9,417.9,409,10,4.0,650.4,652.2,184,81
159.3,8.35,58.0,3.0,203.8,215.1,540,11,1.0,417.9,417.9,409,10,3.0,650.4,652.2,184,81
160.3,8.35,59.9,3.0,203.6,215.1,540,11,1.0,417.9,417.9,409,10,3.0,650.4,652.2,184,81
161.3,8.35,53.4,3.0,203.8,215.1,537,11,1.0,417.9,417.9,409,10,3.0,650.4,652.2,181,81
162.3,7.84,63.0,3.0,203.6,215.1,535,11,1.0,417.9,417.9,409,10,3.0,650.4,652.2,179,81
163.3,7.84,69.1,35.9,203.6,215.1,535,11,12.0,417.9,417.9,409,10,8.0,650.4,652.2,179,81
164.3,7.84,64.2,32.0,203.6,215.1,535,11,9.0,417.9,417.9,409,10,3.0,650.4,652.2,179,81
165.3,7.84,63.9,29.0,203.7,215.1,535,11,11.0,417.9,417.9,409,10,2.0,650.4,652.2,179,81
166.3,7.84,62.1,3.0,203.9,215.1,534,11,0.0,417.9,417.9,408,10,3.0,650.4,652.2,179,81
167.3,7.53,64.3,8.0,203.7,215.1,531,11,2.0,417.9,417.9,405,10,6.0,650.4,652.2,179,81
168.3,7.53,83.6,49.0,203.7,215.1,534,11,10.0,417.9,417.9,407,10,25.0,650.4,652.2,180,81
169.4,7.53,90.6,53.9,203.8,215.1,534,11,11.0,417.9,417.9,407,10,26.9,650.4,652.2,180,81
170.4,7.53,89.1,46.0,203.8,215.1,536,11,10.0,417.9,417.9,409,10,23.0,650.4,652.2,180,81
171.4,7.53,85.8,25.7,203.8,215.1,536,11,4.9,418.0,418.0,409,10,12.9,650.4,652.2,180,81
172.4,7.17,87.1,16.0,203.8,215.1,536,11,3.0,418.0,418.0,409,10,10.0,650.4,652.2,180,81
173.4,7.17,84.4,11.0,203.8,215.1,536,11,3.0,418.0,418.0,409,10,8.0,650.4,652.2,180,81
174.4,7.17,84.1,7.0,203.8,215.1,536,11,2.0,418.0,418.0,409,10,4.0,650.4,652.2,180,81
175.4,7.17,82.8,3.0,203.8,215.1,536,11,1.0,418.0,418.0,409,10,4.0,650.4,652.2,180,81
176.4,7.17,81.5,3.0,204.0,215.1,536,11,2.0,418.0,418.0,409,10,4.0,650.4,652.2,181,81
177.4,6.84,82.1,3.0,204.0,215.1,536,11,0.0,418.0,418.0,409,10,2.0,650.4,652.2,181,81
178.4,6.84,77.7,2.0,203.8,215.1,536,11,1.0,418.0,418.0,409,10,5.0,650.4,652.2,187,81
179.4,6.84,81.8,3.0,204.0,215.1,536,11,1.0,418.0,418.0,409,10,4.0,650.4,652.2,187,81
180.4,6.84,80.7,2.0,203.8,215.1,536,11,1.0,418.0,418.0,409,10,5.0,650.4,652.2,187,81
181.4,6.84,77.4,1.0,204.0,215.1,536,11,0.0,418.0,418.0,409,10,4.0,650.4,652.2,187,81
182.4,7.17,78.2,3.0,204.0,215.1,536,11,1.0,418.0,418.0,409,10,7.0,650.4,652.2,187,81
183.4,7.17,81.2,1.0,204.1,215.1,536,11,1.0,418.0,418.0,409,10,5.0,650.4,652.2,187,81
184.4,7.17,76.1,2.0,204.0,215.1,536,11,1.0,418.0,418.0,409,10,5.0,650.4,652.2,188,81
185.4,7.17,79.3,3.0,203.8,215.1,536,11,0.0,418.0,418.0,409,10,8.0,650.4,652.2,188,81
186.4,7.17,86.7,41.9,204.2,215.1,536,11,10.0,418.0,418.0,409,10,10.0,650.4,652.2,188,81
187.4,7.32,90.2,42.0,204.0,215.1,536,11,9.0,418.0,418.0,409,10,5.0,650.4,652.2,188,81
188.4,7.32,85.2,29.0,204.0,215.1,536,11,10.0,418.0,418.0,409,10,3.0,650.4,652.2,188,81
189.4,7.32,73.6,14.0,204.2,215.1,536,11,4.0,418.0,418.0,409,10,2.0,650.4,652.2,188,81
190.4,7.32,66.2,4.0,204.0,215.1,536,11,1.0,418.0,418.0,409,10,4.0,650.4,652.2,190,81
191.4,7.32,92.2,44.0,204.0,215.1,536,11,9.0,418.0,418.0,409,10,25.0,650.4,652.2,191,81
192.4,8.09,97.5,49.0,204.0,215.1,563,11,8.0,418.0,418.0,409,10,27.0,651.0,652.2,218,90
193.4,8.09,93.4,48.0,204.0,215.1,563,11,9.0,418.0,418.0,409,10,27.0,651.0,652.2,218,90
194.4,8.09,82.7,29.0,204.0,215.1,563,11,6.0,418.0,418.0,409,10,17.0,651.0,652.2,218,90
195.4,8.09,83.8,17.9,204.0,215.1,563,11,3.0,418.0,418.0,409,10,10.0,651.0,652.2,218,90
196.4,8.09,81.8,14.0,204.2,215.1,563,11,3.0,418.0,418.0,409,10,10.0,651.0,652.2,218,90
197.4,8.49,76.1,6.0,204.2,215.1,563,11,2.0,418.0,418.0,409,10,6.0,651.0,652.2,218,90
198.4,8.49,81.3,6.0,204.2,215.1,563,11,2.0,418.0,418.0,409,10,7.0,651.0,652.2,218,90
199.4,8.49,79.4,4.0,204.0,215.1,563,11,1.0,418.0,418.0,409,10,4.0,651.0,652.2,218,90
200.4,8.49,79.3,3.0,204.0,215.1,563,11,1.0,418.0,418.0,409,10,5.0,651.0,652.2,218,90
201.4,8.49,60.7,2.0,204.2,215.1,563,11,0.0,418.0,418.0,409,10,5.0,651.0,652.2,218,90
202.4,8.21,80.9,3.0,204.2,215.1,563,11,1.0,418.0,418.0,409,10,2.0,651.0,652.2,218,90
203.4,8.21,79.6,1.0,204.4,215.1,563,11,1.0,418.0,418.0,409,10,3.0,651.0,652.2,218,90
204.4,8.21,45.8,4.0,204.2,215.1,563,11,1.0,418.0,418.0,409,10,4.0,651.0,652.2,218,90
205.4,8.21,44.4,25.0,204.0,215.1,563,11,7.0,418.0,418.0,409,10,6.0,651.0,652.2,218,90
206.4,8.21,56.8,32.8,204.0,215.1,563,11,19.9,418.8,418.8,409,10,9.0,651.0,652.2,217,90
207.4,8.43,49.9,31.9,204.0,215.1,563,11,48.9,420.8,420.8,401,10,4.0,651.0,652.2,217,90
208.4,8.43,72.8,107.9,211.4,215.1,375,11,22.0,420.9,420.9,159,10,47.0,651.3,652.2,227,95
209.4,8.43,76.7,95.9,239.9,239.9,244,11,14.0,420.9,420.9,45,10,58.9,652.2,652.2,227,95
210.4,8.43,67.8,103.6,281.9,281.9,174,11,,,,,,75.7,652.2,652.2,227,95
210.7,8.43,73.3,96.3,300.2,300.2,174,11,,,,,,83.1,652.2,652.2,227,95
