t_s,loadavg1,system_cpu_pct,server_cpu_pct,server_rss_mb,server_hwm_mb,server_fds,server_threads,k6_cpu_pct,k6_rss_mb,k6_hwm_mb,k6_fds,k6_threads
1.0,0.75,41.6,24.0,116.3,141.0,50,11,134.7,259.8,259.8,36,9
2.0,0.75,7.3,13.0,119.0,141.0,106,11,13.0,267.4,267.4,92,9
3.0,0.75,6.3,10.0,120.8,141.0,146,11,10.0,273.0,273.0,132,9
4.0,0.75,8.7,12.0,127.3,141.0,200,11,11.0,280.6,280.6,186,9
5.0,0.75,12.7,8.0,127.4,141.0,242,11,36.9,285.0,285.0,228,9
6.0,0.77,5.3,9.0,132.6,141.0,272,11,8.0,285.3,285.3,258,9
7.0,0.77,6.8,12.0,133.8,141.0,314,11,11.0,285.5,285.5,300,9
8.0,0.77,8.5,14.0,127.5,141.0,350,11,9.0,285.6,285.6,336,9
9.0,0.77,5.7,8.0,128.7,141.0,380,11,8.0,285.6,285.6,366,9
10.0,0.77,8.1,9.0,128.8,141.0,420,11,10.0,285.7,285.7,406,9
11.0,0.71,5.3,7.0,129.0,141.0,450,11,9.0,285.7,285.7,436,9
12.0,0.71,5.8,9.0,129.3,141.0,484,11,8.0,285.8,285.8,470,9
13.0,0.71,6.5,9.0,129.5,141.0,520,11,11.0,285.8,285.8,506,9
14.0,0.71,7.5,13.0,129.2,141.0,576,11,13.0,285.9,285.9,562,9
15.0,0.71,12.3,10.0,129.4,141.0,617,11,9.0,286.1,286.1,603,9
16.0,0.65,9.3,14.0,130.1,141.0,672,11,13.0,288.2,288.2,658,9
17.0,0.65,6.0,10.0,131.6,141.0,700,11,8.0,291.5,291.5,686,9
18.0,0.65,11.7,19.0,131.4,141.0,749,11,15.0,297.2,297.2,735,9
19.0,0.65,6.8,9.0,131.2,141.0,778,11,9.0,300.8,300.8,764,9
20.0,0.65,7.0,9.0,131.2,141.0,812,11,9.0,305.0,305.0,798,9
21.0,0.60,7.4,5.0,132.8,141.0,824,11,14.0,318.1,318.1,810,9
22.0,0.60,2.2,2.0,133.1,141.0,824,11,1.0,318.2,318.2,810,9
23.0,0.60,6.4,6.0,133.4,141.0,824,11,7.0,319.3,319.3,810,9
24.0,0.60,8.2,9.0,133.8,141.0,824,11,12.0,320.8,320.8,810,9
25.0,0.60,7.5,8.0,134.2,141.0,824,11,11.0,322.1,322.1,810,9
26.0,0.55,4.3,5.0,134.6,141.0,824,11,7.0,322.8,322.8,810,9
27.0,0.55,4.7,4.0,134.9,141.0,824,11,5.0,323.4,323.4,810,9
28.0,0.55,2.8,4.0,133.7,141.0,824,11,4.0,323.7,323.7,810,9
29.0,0.55,3.7,1.0,134.1,141.0,824,11,2.0,323.9,323.9,810,9
30.0,0.55,3.5,4.0,134.6,141.0,824,11,3.0,326.8,326.8,810,9
31.0,0.51,2.2,1.0,134.6,141.0,824,11,1.0,327.0,327.0,810,9
32.0,0.51,1.0,1.0,135.0,141.0,824,11,1.0,327.1,327.1,810,9
33.0,0.51,15.0,5.0,135.1,141.0,824,11,43.0,337.4,337.4,810,9
34.0,0.51,3.5,3.0,134.6,141.0,824,11,7.0,337.8,337.8,810,9
35.0,0.51,5.0,3.0,135.1,141.0,823,11,9.0,338.1,338.1,809,9
36.0,0.47,1.3,3.0,135.7,141.0,821,11,1.0,338.1,338.1,807,9
37.0,0.47,3.5,5.0,136.2,141.0,820,11,7.0,338.3,338.3,806,9
38.0,0.47,6.3,8.0,135.6,141.0,823,11,12.0,338.4,338.4,809,9
39.0,0.47,4.8,6.0,136.2,141.0,824,11,11.0,338.9,338.9,810,9
40.0,0.47,6.3,6.0,136.8,141.0,824,11,9.0,339.4,339.4,810,9
41.0,0.43,2.8,4.0,137.4,141.0,824,11,5.0,339.7,339.7,810,9
42.0,0.43,2.2,2.0,138.0,141.0,824,11,3.0,339.9,339.9,810,9
43.1,0.43,1.7,2.0,138.1,141.0,824,11,2.0,340.1,340.1,810,9
44.1,0.43,1.5,2.0,135.5,141.0,824,11,2.0,340.3,340.3,810,9
45.1,0.43,1.3,1.0,136.1,141.0,824,11,2.0,340.5,340.5,810,9
46.1,0.39,2.0,2.0,136.7,141.0,824,11,1.0,340.7,340.7,810,9
47.1,0.39,2.2,1.0,137.3,141.0,824,11,1.0,341.0,341.0,810,9
48.1,0.39,3.3,1.0,137.9,141.0,824,11,1.9,341.2,341.2,810,9
49.1,0.39,3.3,4.0,137.9,141.0,824,11,7.0,342.0,342.0,810,9
50.1,0.39,4.0,2.0,136.7,141.0,824,11,8.0,344.5,344.5,810,9
51.1,0.36,3.5,3.0,137.3,141.0,823,11,8.0,345.2,345.2,809,9
52.1,0.36,1.3,1.0,138.0,141.0,821,11,1.0,345.3,345.3,807,9
53.1,0.36,5.7,7.0,138.7,141.0,818,11,9.0,345.9,345.9,804,9
54.1,0.36,8.0,8.0,137.6,141.0,820,11,15.0,347.1,347.1,806,9
55.1,0.36,6.7,9.0,138.3,141.0,823,11,9.0,348.7,348.7,809,9
56.1,0.33,6.2,5.0,139.1,141.0,824,11,8.0,349.5,349.5,810,9
57.1,0.33,4.2,4.0,139.8,141.0,824,11,5.0,350.0,350.0,810,9
58.1,0.33,4.0,2.0,140.7,141.0,824,11,2.0,350.4,350.4,810,9
59.1,0.33,4.7,8.0,138.1,141.0,824,11,3.0,350.6,350.6,810,9
60.1,0.33,2.3,4.0,138.8,141.0,824,11,4.0,351.7,351.7,810,9
61.1,0.31,3.2,3.0,139.6,141.0,824,11,0.0,351.9,351.9,810,9
62.1,0.31,1.7,0.0,139.6,141.0,824,11,1.0,352.0,352.0,810,9
63.1,0.31,1.0,1.0,139.6,141.0,824,11,2.0,352.2,352.2,810,9
64.1,0.31,3.7,3.0,137.3,141.0,824,11,8.0,359.9,359.9,810,9
65.1,0.31,4.0,3.0,138.1,141.0,824,11,7.0,370.9,370.9,810,9
66.1,0.28,4.0,2.0,139.0,141.0,824,11,10.0,381.4,381.4,810,9
67.1,0.28,1.0,1.0,139.8,141.0,824,11,1.0,381.6,381.6,810,9
68.1,0.28,5.2,6.0,140.7,141.0,821,11,8.0,382.5,382.5,807,9
69.1,0.28,7.0,8.0,141.6,141.6,821,11,13.0,384.1,384.1,807,9
70.1,0.28,5.3,7.0,138.3,141.4,822,11,10.0,385.5,385.5,808,9
71.1,0.26,5.7,6.0,139.2,141.4,824,11,9.0,386.7,386.7,810,9
72.1,0.26,4.7,5.0,140.1,141.4,824,11,6.0,387.3,387.3,810,9
73.1,0.26,2.2,2.0,141.1,141.4,824,11,3.0,387.6,387.6,810,9
74.1,0.26,2.7,4.0,142.5,142.5,824,11,3.0,388.0,388.0,810,9
75.1,0.26,3.2,2.0,139.8,144.0,824,11,3.0,388.2,388.2,810,9
76.1,0.24,3.2,2.0,140.7,144.0,824,11,2.0,388.4,388.4,810,9
77.1,0.24,3.0,1.0,141.7,144.0,824,11,2.0,388.6,388.6,810,9
78.1,0.24,6.9,3.0,142.7,144.0,824,11,8.0,397.1,397.1,810,9
79.1,0.24,19.0,3.0,142.7,144.0,824,11,52.9,410.8,410.8,810,9
80.1,0.24,5.4,3.0,139.8,144.0,823,11,11.0,411.2,411.2,809,9
81.1,0.22,3.0,1.0,140.8,144.0,822,11,2.0,411.2,411.2,808,9
82.1,0.22,5.5,6.0,141.8,144.0,823,11,7.0,411.2,411.2,809,9
83.1,0.22,7.4,7.0,142.8,144.0,822,11,12.0,411.2,411.2,808,9
84.1,0.22,7.6,8.0,143.9,144.0,823,11,13.0,411.2,411.2,809,9
85.1,0.22,6.2,5.0,140.9,144.0,824,11,9.0,411.2,411.2,810,9
86.1,0.36,3.2,4.0,142.0,144.0,824,11,4.0,411.2,411.2,810,9
87.1,0.36,2.2,4.0,143.1,144.0,824,11,4.0,411.2,411.2,810,9
88.1,0.36,2.0,1.0,143.1,144.0,824,11,2.0,411.2,411.2,810,9
89.1,0.36,2.7,2.0,144.2,144.2,824,11,1.0,411.2,411.2,810,9
90.1,0.36,3.2,2.0,146.2,146.2,824,11,4.0,411.2,411.2,810,9
91.1,0.33,2.0,2.0,141.9,146.0,824,11,1.0,411.2,411.2,810,9
92.1,0.33,1.5,2.0,143.0,146.0,824,11,1.0,411.2,411.2,810,9
93.1,0.33,1.2,1.0,143.0,146.0,824,11,1.0,411.2,411.2,810,9
94.1,0.33,1.7,1.0,144.1,146.0,824,11,1.0,411.2,411.2,810,9
95.1,0.33,4.5,2.0,145.2,146.0,824,11,8.0,411.2,411.2,810,9
96.1,0.30,8.6,10.0,141.1,146.0,824,11,8.0,411.3,411.3,810,9
97.1,0.30,3.5,2.0,142.3,146.0,824,11,9.0,411.3,411.3,810,9
98.2,0.30,1.7,1.0,143.4,146.0,824,11,1.0,411.3,411.3,810,9
99.2,0.30,5.2,5.0,143.4,146.0,819,11,6.0,411.4,411.4,805,9
100.2,0.30,7.3,9.0,141.2,146.0,818,11,13.0,411.4,411.4,804,9
101.2,0.28,6.8,8.0,142.4,146.0,823,11,13.0,411.4,411.4,809,10
102.2,0.28,4.3,6.0,143.6,146.0,824,11,8.0,411.5,411.5,810,10
103.2,0.28,2.0,4.0,144.9,146.0,824,11,5.0,411.5,411.5,810,10
104.2,0.28,2.3,4.0,141.9,146.7,824,11,3.0,411.5,411.5,810,10
105.2,0.28,1.8,2.0,143.2,146.7,824,11,3.0,411.5,411.5,810,10
106.2,0.26,2.0,3.0,144.5,146.7,824,11,1.0,411.5,411.5,810,10
107.2,0.26,2.2,1.0,145.7,146.7,824,11,1.0,411.5,411.5,810,10
108.2,0.26,4.9,1.0,145.7,146.7,824,11,2.0,411.5,411.5,810,10
109.2,0.26,1.8,2.0,147.1,147.1,824,11,0.0,411.5,411.5,810,10
110.2,0.26,1.7,0.0,147.1,147.1,824,11,1.0,411.5,411.5,810,10
111.2,0.32,5.7,1.0,147.1,147.1,824,11,1.0,411.5,411.5,810,10
112.2,0.32,1.0,0.0,147.1,147.1,824,11,1.0,411.5,411.5,810,10
113.2,0.32,1.2,0.0,142.0,146.8,824,11,1.0,411.5,411.5,810,10
114.2,0.32,1.0,1.0,142.0,146.8,824,11,1.0,411.5,411.5,810,10
115.2,0.32,1.7,0.0,142.0,146.8,824,11,2.0,411.7,411.7,810,10
116.2,0.29,3.5,3.0,143.3,146.8,824,11,7.0,413.3,413.3,810,10
117.2,0.29,4.5,2.0,143.3,146.8,824,11,11.0,417.3,417.3,810,10
118.2,0.29,1.8,2.0,144.6,146.8,824,11,0.0,417.5,417.5,810,10
119.2,0.29,4.2,4.0,144.7,146.8,824,11,7.0,417.8,417.8,810,10
120.2,0.29,9.7,13.0,143.4,146.8,823,11,15.0,417.8,417.8,809,10
121.2,0.35,5.8,6.0,144.8,146.8,823,11,11.0,417.8,417.8,809,10
122.2,0.35,5.5,6.0,146.2,146.8,824,11,7.0,418.0,418.0,810,10
123.2,0.35,4.5,4.0,143.6,147.5,824,11,6.0,418.3,418.3,810,10
124.2,0.35,4.2,3.0,145.1,147.5,824,11,4.0,418.3,418.3,810,10
125.2,0.35,12.3,3.0,146.5,147.5,824,11,2.0,418.3,418.3,810,10
126.2,0.32,5.2,2.0,147.9,147.9,824,11,2.0,418.3,418.3,810,10
127.2,0.32,1.3,3.0,150.3,150.3,805,11,2.0,418.3,418.3,791,10
128.2,0.32,3.0,2.0,150.3,150.3,778,11,4.0,418.3,418.3,764,10
129.2,0.32,4.5,9.0,143.7,153.0,757,11,1.0,418.3,418.3,743,10
130.2,0.32,3.0,4.0,145.1,153.0,730,11,3.0,418.3,418.3,716,10
131.2,0.29,4.5,3.0,145.1,153.0,710,11,9.0,418.9,418.9,696,10
132.2,0.29,4.3,5.0,146.6,153.0,696,11,8.0,424.3,424.3,682,10
133.2,0.29,4.5,3.0,144.0,153.0,674,11,10.0,425.1,425.1,660,10
134.2,0.29,2.5,3.0,145.5,153.0,655,11,3.0,425.1,425.1,641,10
135.2,0.29,13.6,5.0,147.0,153.0,635,11,43.9,426.0,426.0,621,10
136.2,0.35,7.8,11.0,148.6,153.0,619,11,15.0,426.0,426.0,605,10
137.2,0.35,8.0,10.0,145.8,153.0,607,11,11.0,426.0,426.0,593,10
138.2,0.35,13.6,8.0,148.3,153.0,589,11,12.0,426.0,426.0,575,10
139.2,0.35,4.7,5.0,149.9,153.0,570,11,6.0,426.0,426.0,556,10
140.2,0.35,4.0,5.0,151.5,153.0,545,11,5.0,426.0,426.0,531,10
141.2,0.40,5.4,10.0,147.0,153.0,523,11,4.0,426.0,426.0,509,10
142.2,0.40,2.7,2.0,147.0,153.0,499,11,2.0,426.0,426.0,485,10
143.2,0.40,2.3,3.0,148.6,153.0,483,11,3.0,426.0,426.0,469,10
144.2,0.40,2.2,3.0,150.2,153.0,459,11,2.0,426.0,426.0,445,10
145.2,0.40,1.7,2.0,151.8,153.0,442,11,2.0,426.0,426.0,428,10
146.2,0.37,2.5,3.0,153.4,153.4,426,11,2.0,426.0,426.0,412,10
147.2,0.37,4.3,2.0,147.0,153.1,423,11,9.0,426.0,426.0,409,10
148.2,0.37,4.2,4.0,148.7,153.1,423,11,8.0,426.0,426.0,409,10
149.2,0.37,3.5,2.0,150.3,153.1,423,11,9.0,426.0,426.0,409,10
150.2,0.37,2.2,3.0,152.0,153.1,423,11,3.0,426.0,426.0,409,10
151.2,0.34,3.7,3.0,152.0,153.1,419,11,5.0,426.0,426.0,405,10
152.2,0.34,6.8,8.0,147.0,153.3,421,11,12.0,426.0,426.0,407,10
153.2,0.34,5.1,7.0,148.7,153.3,421,11,12.0,426.0,426.0,407,10
154.2,0.34,6.5,7.0,150.4,153.3,423,11,10.0,426.0,426.0,409,10
155.2,0.34,5.7,4.0,147.0,153.3,423,11,6.0,426.0,426.0,409,10
156.2,0.31,2.5,4.0,148.8,153.3,423,11,4.0,426.0,426.0,409,10
157.2,0.31,1.8,2.0,150.5,153.3,423,11,3.0,426.0,426.0,409,10
158.2,0.31,1.5,3.0,152.3,153.3,423,11,1.0,426.0,426.0,409,10
159.2,0.31,1.5,1.0,154.1,154.1,423,11,1.0,426.0,426.0,409,10
160.2,0.31,4.2,3.0,157.2,157.2,423,11,2.0,426.0,426.0,409,10
161.2,0.29,2.0,1.0,160.7,160.7,423,11,1.0,426.0,426.0,409,10
162.3,0.29,3.8,10.0,152.4,164.0,423,11,1.0,426.0,426.0,409,10
163.3,0.29,1.5,0.0,152.4,164.0,423,11,2.0,426.0,426.0,409,10
164.3,0.29,0.8,1.0,152.4,164.0,423,11,1.0,426.0,426.0,409,10
165.3,0.29,1.3,0.0,152.4,164.0,423,11,0.0,426.0,426.0,409,10
166.3,0.35,1.2,0.0,152.4,164.0,423,11,2.0,426.0,426.0,409,10
167.3,0.35,2.0,1.0,152.4,164.0,423,11,1.0,426.0,426.0,409,10
168.3,0.35,2.0,0.0,152.4,164.0,423,11,2.0,426.0,426.0,409,10
169.3,0.35,6.4,6.0,154.3,164.0,423,11,8.0,426.0,426.0,409,10
170.3,0.35,4.0,2.0,152.5,164.0,423,11,7.0,426.0,426.0,409,10
171.3,0.80,4.0,3.0,154.4,164.0,423,11,9.0,426.0,426.0,409,10
172.3,0.80,1.7,1.0,156.2,164.0,423,11,1.0,426.0,426.0,409,10
173.3,0.80,4.0,3.0,156.2,164.0,423,11,6.0,426.0,426.0,409,10
174.3,0.80,10.0,7.0,158.0,164.0,423,11,12.0,426.0,426.0,409,10
175.3,0.80,6.7,8.0,159.9,164.0,423,11,12.0,426.0,426.0,409,10
176.3,0.81,6.2,11.0,152.4,164.0,423,11,8.0,426.0,426.0,409,10
177.3,0.81,3.7,4.0,154.3,164.0,423,11,5.0,426.0,426.0,409,10
178.3,0.81,3.2,4.0,156.2,164.0,423,11,2.0,426.0,426.0,409,10
179.3,0.81,2.7,3.0,158.1,164.0,423,11,3.0,426.0,426.0,409,10
180.3,0.81,2.5,5.0,152.4,164.0,423,11,3.0,426.1,426.1,409,10
181.3,0.83,3.0,1.0,154.3,164.0,423,11,2.0,426.1,426.1,409,10
182.3,0.83,2.0,1.0,154.3,164.0,423,11,1.0,426.1,426.1,409,10
183.3,0.83,1.3,1.0,156.2,164.0,423,11,1.0,426.1,426.1,409,10
184.3,0.83,2.2,1.0,156.2,164.0,423,11,1.0,426.1,426.1,409,10
185.3,0.83,2.5,2.0,158.2,164.0,423,11,1.0,426.1,426.1,409,10
186.3,0.76,1.2,0.0,158.2,164.0,423,11,2.0,426.1,426.1,409,10
187.3,0.76,5.3,10.0,152.2,164.0,423,11,7.0,426.1,426.1,409,10
188.3,0.76,6.7,5.0,154.2,164.0,423,11,9.0,426.1,426.1,409,10
189.3,0.76,25.7,19.0,153.4,164.0,266,11,79.8,472.9,472.9,204,10
190.3,0.76,7.5,13.0,155.3,164.0,22,11,,,,,
190.3,0.76,6.7,0.0,155.3,164.0,22,11,,,,,
